                  epoch,         train/box_loss,         train/cls_loss,         train/dfl_loss,   metrics/precision(B),      metrics/recall(B),       metrics/mAP50(B),    metrics/mAP50-95(B),           val/box_loss,           val/cls_loss,           val/dfl_loss,                 lr/pg0,                 lr/pg1,                 lr/pg2
                      0,                 1.7213,                 2.8981,                 1.2705,                0.91416,                0.28625,                0.42656,                0.25158,                 1.4767,                 5.1692,                0.73946,             0.00036526,             0.00036526,             0.00036526
                      1,                 1.5683,                 2.0168,                 1.1407,                 0.9122,                0.48854,                0.59266,                0.35074,                 1.3592,                 3.7034,                0.71077,             0.00049285,             0.00049285,             0.00049285
                      2,                 1.4677,                 1.7912,                 1.0972,                0.77947,                 0.6579,                0.63653,                0.35938,                 1.3826,                 3.4665,                0.70357,             0.00037602,             0.00037602,             0.00037602
